<build>
        <plugins>
            <plugin>
                <artifactId>maven-surefire-plugin</artifactId>
                <version>2.22.0</version>
                <dependencies>
                    <dependency>
                        <groupId>org.junit.platform</groupId>
                        <artifactId>junit-platform-surefire-provider</artifactId>
                        <version>1.2.0</version>
                    </dependency>
                    <dependency>
                        <groupId>org.junit.jupiter</groupId>
                        <artifactId>junit-jupiter-engine</artifactId>
                        <version>5.2.0</version>
                    </dependency>
                </dependencies>
            </plugin>
        </plugins>
    </build>